Question,Answer
What is the fundamental goal of machine learning?,"The fundamental goal of machine learning is to develop algorithms that enable computers to learn from data, recognize patterns, and make intelligent decisions or predictions without explicit programming."
Explain the concept of overfitting in machine learning.,"Overfitting occurs when a machine learning model learns the training data too well, capturing noise or random fluctuations. As a result, the model may perform poorly on new, unseen data because it has essentially memorized the training set."
Can you distinguish between bias and variance in the context of machine learning?,"Bias refers to the error introduced by approximating a real-world problem, while variance is the amount by which the model's predictions would change if it were trained on a different dataset. High bias can lead to underfitting, and high variance can lead to overfitting."
What is the role of a loss function in machine learning?,"A loss function measures the difference between the predicted values of the model and the actual values in the training data. The goal during training is to minimize this loss, guiding the model to make more accurate predictions."
Explain the concept of gradient descent.,"Gradient descent is an optimization algorithm used to minimize the loss function during training. It iteratively adjusts the model's parameters in the direction of the steepest decrease in the loss, ultimately reaching a minimum."
How does regularization help prevent overfitting in machine learning models?,"Regularization introduces a penalty term for complex models, discouraging the learning of overly intricate patterns. This helps prevent overfitting by promoting simpler models that generalize better to new data."
What is the difference between classification and regression in machine learning?,"Classification involves predicting categorical labels, while regression deals with predicting continuous numerical values. For example, classifying emails as spam or not spam is a classification task, while predicting house prices is a regression task."
"What is a decision tree, and how does it work in machine learning?","A decision tree is a hierarchical tree-like structure that makes decisions based on the features of the input data. It recursively splits the dataset into subsets based on the most significant feature at each node, leading to leaf nodes with predicted outcomes."
Explain the concept of cross-validation in machine learning.,"Cross-validation is a technique used to assess a model's performance by splitting the data into multiple subsets for training and testing. This helps provide a more robust evaluation, reducing the impact of the specific data split on the model's performance."
"What is ensemble learning, and how does it improve model performance?","Ensemble learning involves combining the predictions of multiple models to create a stronger and more accurate model. Techniques like bagging (e.g., Random Forest) and boosting (e.g., AdaBoost) are common approaches to ensemble learning."
How does the bias-variance tradeoff impact model performance?,"The bias-variance tradeoff describes the balance between underfitting (high bias) and overfitting (high variance). Finding the right tradeoff is crucial for building models that generalize well to new, unseen data."
"What is feature engineering, and why is it important in machine learning?",Feature engineering involves creating new features or transforming existing ones to improve a model's performance. It is crucial because the quality of features directly influences a model's ability to learn and make accurate predictions.
Explain the concept of transfer learning in machine learning.,"Transfer learning involves leveraging knowledge gained from solving one problem and applying it to a different but related problem. Pre-trained models can be fine-tuned on specific tasks, saving computational resources and time."
What is the difference between stochastic gradient descent and batch gradient descent?,"In stochastic gradient descent, the model parameters are updated after each individual data point, while in batch gradient descent, the update is based on the average error computed over the entire training dataset. Mini-batch gradient descent is a compromise between the two, using a subset of the data for updates."
How do neural networks simulate the human brain in machine learning?,"Neural networks simulate the human brain by using interconnected layers of artificial neurons. Each neuron processes information and passes it to the next layer, allowing the network to learn complex patterns and representations."
What is a hyperparameter in machine learning?,"A hyperparameter is a configuration setting external to the model that cannot be learned from the data. Examples include learning rates, regularization strengths, and the number of hidden layers in a neural network."
Explain the concept of kernel functions in support vector machines (SVM).,"Kernel functions in SVM allow the algorithm to implicitly map input data into higher-dimensional spaces, making it easier to find a hyperplane that separates different classes in complex datasets."
What is the purpose of activation functions in neural networks?,"Activation functions introduce non-linearities in neural networks, enabling them to learn and represent complex relationships within the data. Common activation functions include ReLU (Rectified Linear Unit) and Sigmoid."
How is the K-Nearest Neighbors (KNN) algorithm used for classification?,KNN classifies a data point based on the majority class of its K nearest neighbors in the feature space. The choice of K determines the number of neighbors considered during the classification.
What is the curse of dimensionality in machine learning?,"The curse of dimensionality refers to the challenges and increased complexity associated with datasets in high-dimensional spaces. It can lead to sparsity of data and increased computational demands, affecting the performance of certain algorithms."
Explain the concept of bagging in ensemble learning,"Bagging (Bootstrap Aggregating) involves training multiple instances of the same model on different subsets of the training data, typically using bootstrap sampling. The final prediction is often a combination (average or voting) of the individual models."
How does the Random Forest algorithm improve upon a single decision tree?,Random Forest is an ensemble learning method that builds multiple decision trees during training and outputs the average prediction of the individual trees for regression tasks or a majority vote for classification tasks. This helps reduce overfitting and improve generalization.
What is the role of activation functions in neural networks?,Activation functions introduce non-linearities to the output of a neuron in a neural network. This non-linearity is crucial for enabling the network to learn complex patterns and relationships in the data.
How do you handle missing data in a machine learning dataset?,"Common strategies for handling missing data include removing the affected rows, filling in missing values with the mean or median, or using advanced imputation techniques such as K-Nearest Neighbors or predictive modeling."
Explain the concept of bias in machine learning algorithms.,"Bias in machine learning refers to the error introduced by approximating a real-world problem, often due to simplifying assumptions made during the model's training. High bias can lead to underfitting, where the model fails to capture the underlying patterns in the data."
What is the purpose of a confusion matrix in evaluating the performance of a classification model?,"A confusion matrix is a table that summarizes the performance of a classification algorithm. It includes metrics such as true positives, true negatives, false positives, and false negatives, providing insights into the model's accuracy, precision, recall, and F1 score."
How does batch normalization improve the training of deep neural networks?,"Batch normalization normalizes the input of each layer in a neural network to have zero mean and unit variance. This helps mitigate issues like vanishing or exploding gradients, making it easier to train deeper networks."
Explain the concept of precision and recall in the context of classification models.,"Precision is the ratio of true positives to the total predicted positives, while recall is the ratio of true positives to the total actual positives. Precision measures the accuracy of positive predictions, while recall measures the ability to capture all positive instances."
What is the purpose of a learning rate in gradient descent?,"The learning rate in gradient descent controls the size of the steps taken during optimization. A too-small learning rate may result in slow convergence, while a too-large learning rate can cause the algorithm to overshoot the minimum."
How does the ROC curve help in evaluating the performance of a classification model?,The Receiver Operating Characteristic (ROC) curve is a graphical representation of a classification model's performance across different thresholds. It illustrates the tradeoff between true positive rate (sensitivity) and false positive rate (1-specificity) and helps in choosing an appropriate threshold for the desired balance.
What is the difference between unsupervised learning and semi-supervised learning?,"Unsupervised learning involves training models on unlabeled data, discovering patterns or structures on its own. Semi-supervised learning uses a combination of labeled and unlabeled data during training."
Explain the concept of cross-entropy loss in machine learning.,Cross-entropy loss is a measure of the difference between the predicted probability distribution and the true distribution of the target variable. It is commonly used as a loss function in classification problems.
What are hyperparameters tuning and grid search in machine learning?,Hyperparameter tuning involves finding the optimal values for hyperparameters to improve a model's performance. Grid search is a technique where multiple combinations of hyperparameter values are systematically tested to identify the best configuration.
How does the concept of sparsity relate to machine learning?,"Sparsity refers to the condition where a large number of elements in a dataset or feature space are zero. In machine learning, sparsity is relevant in tasks such as sparse data representation and feature selection."
What is the role of regularization in linear regression?,Regularization in linear regression introduces a penalty term to the loss function to discourage the learning of complex models. It helps prevent overfitting and improves the model's generalization to new data.
"Explain the terms precision, recall, and F1 score and their significance in classification evaluation.","Precision is the ratio of true positives to the total predicted positives, recall is the ratio of true positives to the total actual positives, and the F1 score is the harmonic mean of precision and recall. These metrics provide a balanced evaluation of a classification model's performance."
"What is the curse of dimensionality, and how does it affect machine learning algorithms?","The curse of dimensionality refers to the challenges and increased complexity that arise when working with high-dimensional datasets. It can lead to issues such as sparsity, increased computational demands, and degraded performance of certain algorithms."
How does transfer learning benefit deep neural networks?,"Transfer learning allows pre-trained models on large datasets to be fine-tuned for specific tasks with smaller datasets. This helps leverage the knowledge gained from the pre-training, resulting in better performance and faster convergence."
What are the advantages and disadvantages of using decision trees in machine learning?,"Decision trees are advantageous for their interpretability and simplicity. However, they are susceptible to overfitting, and small changes in the data can lead to different tree structures, making them less stable than some other models."
Can you explain the concept of kernel trick in support vector machines (SVM)?,The kernel trick in SVM allows the algorithm to implicitly map input data into higher-dimensional spaces without explicitly computing the transformation. This makes it computationally efficient and allows SVMs to work well in non-linearly separable datasets.
"How does the k-fold cross-validation technique work, and why is it useful?","K-fold cross-validation involves dividing the dataset into k subsets, using k-1 folds for training and the remaining fold for testing. This process is repeated k times, with each fold used as the test set exactly once. It provides a more robust evaluation of a model's performance."
Explain the bias-variance tradeoff in the context of model complexity.,"The bias-variance tradeoff represents the balance between underfitting (high bias) and overfitting (high variance). Increasing model complexity can reduce bias but may lead to higher variance, and finding the right tradeoff is crucial for optimal model performance."
What is the difference between batch gradient descent and stochastic gradient descent?,"In batch gradient descent, the model parameters are updated based on the average error computed over the entire training dataset. In stochastic gradient descent, the update is performed after each individual data point. Stochastic gradient descent is computationally more efficient but introduces more noise."
How does Principal Component Analysis (PCA) contribute to dimensionality reduction in machine learning?,"PCA is a technique used for dimensionality reduction by transforming the original features into a new set of uncorrelated variables (principal components). It retains the most important information while discarding less informative features, reducing the dimensionality of the dataset."
What is the role of activation functions in deep neural networks?,"Activation functions introduce non-linearities to the output of each neuron in a neural network. This non-linearity allows the network to learn and represent complex relationships within the data, enabling it to capture more intricate patterns."
How do recurrent neural networks (RNNs) differ from feedforward neural networks?,"Recurrent neural networks (RNNs) have connections that form cycles, allowing them to capture temporal dependencies in sequential data. This makes them suitable for tasks like natural language processing, where the order of words matters."
What is the purpose of dropout in neural networks?,"Dropout is a regularization technique used in neural networks to prevent overfitting. During training, random neurons are temporarily dropped out, meaning their outputs are ignored. This helps prevent the reliance on specific neurons and encourages more robust learning."
Explain the concept of batch normalization in deep learning.,Batch normalization normalizes the input of each layer in a neural network to have zero mean and unit variance. It helps stabilize and accelerate the training process by reducing internal covariate shift and mitigating vanishing/exploding gradient problems.
How does the Rocchio algorithm work in text classification?,"The Rocchio algorithm is a simple and effective algorithm for text classification. It assigns a document to the category that is closest to the centroid of the documents in that category, using vector representations of documents."
What are the advantages and disadvantages of using support vector machines (SVMs)?,"SVMs are effective for high-dimensional spaces, robust in the presence of outliers, and versatile with different kernel functions. However, they can be sensitive to the choice of hyperparameters, and training time can be high for large datasets."
"What is the purpose of the learning rate in gradient descent, and how do you choose an appropriate value?","The learning rate in gradient descent controls the size of steps taken during optimization. An appropriate value is crucial; too small a rate can lead to slow convergence, while too large a rate may cause overshooting. Common methods for choosing the learning rate include grid search and adaptive techniques like Adam optimization."
Explain the terms underfitting and overfitting in the context of machine learning models.,"Underfitting occurs when a model is too simple to capture the underlying patterns in the data, resulting in poor performance. Overfitting, on the other hand, happens when a model is excessively complex, memorizing the training data but failing to generalize to new, unseen data."
"What is the significance of the term ""feature scaling"" in machine learning, and what are common methods for scaling?",Feature scaling ensures that all features contribute equally to the model by bringing them to a similar scale. Common methods include Min-Max scaling (normalization) and Z-score scaling (standardization).
"How does the concept of imbalanced classes affect machine learning models, and what strategies can be employed to address this issue?","Imbalanced classes can lead to biased models favoring the majority class. Strategies to address this include resampling techniques (oversampling minority or undersampling majority), using different evaluation metrics, and employing specialized algorithms like cost-sensitive learning."
"What is the role of a confusion matrix in the context of binary classification, and how is accuracy calculated?","A confusion matrix summarizes the performance of a classification model, breaking down predictions into true positives, true negatives, false positives, and false negatives. Accuracy is calculated as the ratio of correct predictions (true positives and true negatives) to the total number of predictions."
"How does the K-Means clustering algorithm work, and what are its limitations?",K-Means is an iterative algorithm that partitions data into K clusters based on similarity. It minimizes the sum of squared distances within each cluster. Limitations include sensitivity to initial cluster centers and difficulties with non-spherical or unevenly sized clusters.
"Explain the term ""feature importance"" in the context of machine learning models.","Feature importance quantifies the contribution of each feature to a model's predictive performance. Techniques like tree-based models provide feature importance scores, helping identify the most influential variables."
What is the difference between bagging and boosting in ensemble learning?,"Bagging (Bootstrap Aggregating) involves training multiple instances of the same model on different subsets of the training data and averaging or voting for the final prediction. Boosting, on the other hand, focuses on iteratively training weak models, giving more weight to misclassified instances to improve overall performance."
How does the concept of one-hot encoding address categorical variables in machine learning?,"One-hot encoding converts categorical variables into binary vectors, assigning a unique binary code to each category. This ensures that categorical variables are appropriately represented in machine learning models."
"What is the purpose of a ROC curve, and how does it relate to the area under the curve (AUC)?","The Receiver Operating Characteristic (ROC) curve visualizes a classification model's performance across different threshold settings. The area under the curve (AUC) represents the model's ability to distinguish between classes, with a higher AUC indicating better performance."
Explain the concept of bias in machine learning algorithms.,"Bias in machine learning refers to the error introduced by approximating a real-world problem, often due to oversimplified assumptions during model training. High bias can result in underfitting, where the model fails to capture the complexity of the data."
How does feature selection contribute to improving machine learning models?,"Feature selection involves choosing a subset of relevant features, eliminating irrelevant or redundant ones. This can lead to simpler, more interpretable models, faster training times, and improved generalization to new data."
What is the purpose of the Adam optimization algorithm in machine learning?,"Adam is an adaptive optimization algorithm that adjusts the learning rates for each parameter individually. It combines ideas from momentum and RMSprop, providing effective optimization with reduced sensitivity to hyperparameter tuning."
Explain the concept of dropout regularization in neural networks.,"Dropout involves randomly deactivating a fraction of neurons during training. This prevents the model from relying too heavily on specific neurons and helps prevent overfitting, improving the network's generalization to new data."
How does the concept of cross-entropy loss differ between binary and multi-class classification problems?,"In binary classification, cross-entropy loss measures the dissimilarity between predicted and true distributions for a binary outcome. In multi-class classification, it generalizes to multiple classes, calculating the loss across all classes."
What are the advantages and disadvantages of using deep learning models?,"Deep learning models excel at learning complex patterns from large amounts of data. However, they often require substantial computational resources, extensive amounts of labeled data, and may be challenging to interpret."
"How do you handle time-series data in machine learning, and what challenges are associated with it?","Time-series data involves sequential observations over time. Challenges include handling temporal dependencies, trends, and seasonality. Techniques like recurrent neural networks (RNNs) or Long Short-Term Memory (LSTM) networks are commonly used for time-series prediction."
"What is the difference between precision and recall, and when might you prioritize one over the other?","Precision measures the accuracy of positive predictions, while recall measures the ability to capture all positive instances. The choice between precision and recall depends on the specific application; for example, in medical diagnoses, high recall may be prioritized to avoid missing positive cases."
How does the concept of stratified sampling contribute to creating representative training and testing datasets?,"Stratified sampling ensures that each class in a dataset is proportionally represented in both the training and testing sets. This helps maintain the class distribution, preventing biases and improving the model's generalization."
What is the role of activation functions in the hidden layers of neural networks?,"Activation functions introduce non-linearities to the output of hidden neurons in neural networks. This allows the network to learn and represent complex relationships within the data, enabling it to capture more intricate patterns."
How does the concept of L1 and L2 regularization differ in machine learning?,"L1 regularization adds the absolute values of the coefficients as a penalty term to the loss function, promoting sparsity in the model. L2 regularization adds the squared values of the coefficients, penalizing large weights and encouraging a more even distribution."
Explain the concept of feature extraction in machine learning.,Feature extraction involves transforming raw data into a set of features that capture the most relevant information for a particular task. It can include techniques like Principal Component Analysis (PCA) or extracting features from images using convolutional neural networks (CNNs).
"What is the purpose of the term ""dropout"" in convolutional neural networks (CNNs)?","Dropout in CNNs involves randomly deactivating a fraction of neurons during training. This prevents overfitting and helps the model generalize better to new, unseen data by reducing reliance on specific features."
How does the concept of word embeddings contribute to natural language processing (NLP)?,"Word embeddings represent words as dense vectors in a continuous vector space. They capture semantic relationships between words, enabling NLP models to understand contextual meanings and similarities."
Explain the concept of transfer learning in the context of image classification.,"Transfer learning in image classification involves using a pre-trained model (e.g., a convolutional neural network) on a large dataset and fine-tuning it for a specific classification task with a smaller dataset. This leverages the learned features from the pre-training, saving time and computational resources."
"What are the challenges associated with handling missing data in machine learning, and how can they be addressed?","Challenges include biased analysis, reduced statistical power, and the potential for introducing errors. Solutions involve imputation techniques such as mean, median, or predictive modeling, or considering missing data as a separate category."
How does the concept of self-supervised learning differ from supervised learning in machine learning?,"In self-supervised learning, the model is trained using the data's inherent structure without explicit labels. Contrastingly, supervised learning requires labeled data with input-output pairs for training."
What is the role of activation functions in the output layer of a neural network for binary classification tasks?,"For binary classification tasks, the activation function in the output layer is typically a sigmoid function. It transforms the network's output into a probability between 0 and 1, representing the likelihood of belonging to the positive class."
Explain the concept of precision-recall tradeoff in machine learning.,The precision-recall tradeoff refers to the inverse relationship between precision and recall in binary classification. Increasing one metric often leads to a decrease in the other. Balancing the tradeoff depends on the specific requirements of the application.
How does the Naive Bayes algorithm work in text classification tasks?,"Naive Bayes assumes that features are conditionally independent given the class label. In text classification, it calculates the probability of a document belonging to a certain class based on the conditional probabilities of the words given that class."
"What is the purpose of the term ""bag-of-words"" in natural language processing?","Bag-of-words is a text representation technique that disregards word order and focuses on word frequency. It represents a document as an unordered set of words, creating a ""bag"" that captures the frequency of each word."
Explain the concept of model interpretability in machine learning.,"Model interpretability refers to the ability to understand and explain the decisions made by a machine learning model. Transparent models (e.g., linear regression) are inherently interpretable, while complex models (e.g., deep neural networks) may require additional techniques for interpretation."
"How does the concept of class imbalance affect the performance of machine learning models, and what strategies can be employed to address it?","Class imbalance can lead to biased models favoring the majority class. Strategies include resampling techniques (oversampling or undersampling), using different evaluation metrics (precision, recall, F1 score), and employing specialized algorithms like cost-sensitive learning."
"What is the role of the term ""kernel"" in support vector machines (SVMs)?","The kernel in SVMs allows the algorithm to implicitly map data into a higher-dimensional space, making it easier to find a hyperplane that separates different classes. Common kernels include linear, polynomial, and radial basis function (RBF) kernels."
Explain the concept of imputation in the context of handling missing data.,"Imputation involves replacing missing values with estimated or predicted values. Common methods include mean imputation, median imputation, or more advanced techniques like predictive modeling."
How do autoencoders contribute to unsupervised learning in neural networks?,Autoencoders are neural network architectures used for unsupervised learning. They encode input data into a lower-dimensional representation and then decode it back to the original input. They are often used for dimensionality reduction and feature learning.
"What is the role of the term ""word frequency"" in natural language processing?","Word frequency refers to the number of times a word appears in a given text or dataset. It is a common feature used in natural language processing tasks, including text classification and sentiment analysis."
"Explain the concept of cross-validation in machine learning, and why is it important?","Cross-validation involves splitting the dataset into multiple subsets for training and testing, providing a more robust evaluation of a model's performance. It helps ensure that the model's performance is consistent across different subsets of the data."
How does the concept of early stopping contribute to training neural networks?,Early stopping involves halting the training process once the model's performance on a validation set starts deteriorating. This prevents overfitting and helps find an optimal balance between training and generalization.
"What is the purpose of the term ""activation function"" in a neural network?",An activation function introduces non-linearities to the output of neurons in a neural network. This non-linearity is crucial for enabling the network to learn and represent complex relationships within the data.
What is machine learning?,Machine learning is a subset of artificial intelligence (AI) that involves the development of algorithms and models that enable computers to learn from data and make predictions or decisions without being explicitly programmed.
What are the main types of machine learning?,"The main types of machine learning are supervised learning, unsupervised learning, and reinforcement learning. In supervised learning, models are trained on labeled data, while unsupervised learning involves discovering patterns in unlabeled data. Reinforcement learning focuses on training agents to make decisions by interacting with an environment."
Can you explain the difference between a feature and a label in machine learning?,"In machine learning, a feature is an input variable or attribute used to make predictions, while a label is the output variable or the target variable that the model aims to predict based on the features."
What is the training and testing process in machine learning?,"The training process involves using a labeled dataset to train a machine learning model by adjusting its parameters. The testing process assesses the model's performance on new, unseen data to evaluate its ability to generalize from the training data."
"How does overfitting occur in machine learning, and what are some methods to prevent it?","Overfitting occurs when a model learns the training data too well, capturing noise and irrelevant details. To prevent overfitting, techniques such as cross-validation, regularization, and using more data can be employed."
What is the purpose of the loss function in machine learning?,"The loss function measures the difference between the predicted values of the model and the actual values in the training data. The goal during training is to minimize the loss, leading to a model that makes accurate predictions."
What is the role of a hyperparameter in machine learning models?,"Hyperparameters are parameters that are set before the training process and are not learned from the data. They influence the model's behavior and performance, and finding optimal hyperparameter values is crucial for achieving the best results."
Explain the concept of a decision tree in machine learning.,"A decision tree is a tree-like model that makes decisions based on input features. It consists of nodes representing decisions or test conditions, branches representing possible outcomes, and leaves representing the final predicted values."
How does a confusion matrix contribute to evaluating the performance of a classification model?,"A confusion matrix is a table that summarizes the performance of a classification model by breaking down predictions into true positives, true negatives, false positives, and false negatives. It provides insights into metrics such as accuracy, precision, recall, and F1 score."
What is the difference between regression and classification in machine learning?,"Regression involves predicting a continuous output variable, while classification involves predicting discrete labels or categories. For example, predicting house prices is a regression task, while classifying emails as spam or not spam is a classification task."